{"cameraMode":{"drawMode":0,"name":"Shaded","section":"Shading Mode"},"sceneLighting":false,"audioPlay":false,"sceneViewState":{"m_AlwaysRefresh":true,"showFog":true,"showSkybox":false,"showFlares":true,"showImageEffects":true,"showParticleSystems":true,"showVisualEffectGraphs":true,"m_FxEnabled":true},"in2DMode":false,"pivot":{"x":1.8257349729537964,"y":-345.1912536621094,"z":85.21269226074219},"rotation":{"x":0.6044251322746277,"y":-0.029389774426817895,"z":0.02293769083917141,"w":0.7959330677986145},"size":210.56507873535157,"orthographic":false}