{"cameraMode":{"drawMode":0,"name":"Shaded","section":"Shading Mode"},"sceneLighting":false,"audioPlay":false,"sceneViewState":{"m_AlwaysRefresh":true,"showFog":true,"showSkybox":false,"showFlares":true,"showImageEffects":true,"showParticleSystems":true,"showVisualEffectGraphs":true,"m_FxEnabled":true},"in2DMode":false,"pivot":{"x":5.572641372680664,"y":-0.7457828521728516,"z":14.867988586425782},"rotation":{"x":-0.25132134556770327,"y":0.11554604768753052,"z":-0.030316289514303209,"w":-0.9605832695960999},"size":26.79350471496582,"orthographic":false}