{"cameraMode":{"drawMode":0,"name":"Shaded","section":"Shading Mode"},"sceneLighting":false,"audioPlay":false,"sceneViewState":{"m_AlwaysRefresh":true,"showFog":true,"showSkybox":false,"showFlares":true,"showImageEffects":true,"showParticleSystems":true,"showVisualEffectGraphs":true,"m_FxEnabled":true},"in2DMode":false,"pivot":{"x":-4.592772006988525,"y":5.431525707244873,"z":-10.001280784606934},"rotation":{"x":0.27398258447647097,"y":0.007551832590252161,"z":-0.0016634605126455427,"w":0.9618241786956787},"size":21.424285888671876,"orthographic":false}