{"cameraMode":{"drawMode":0,"name":"Shaded","section":"Shading Mode"},"sceneLighting":false,"audioPlay":false,"sceneViewState":{"m_AlwaysRefresh":true,"showFog":true,"showSkybox":false,"showFlares":true,"showImageEffects":true,"showParticleSystems":true,"showVisualEffectGraphs":true,"m_FxEnabled":true},"in2DMode":false,"pivot":{"x":3.562100887298584,"y":-4.653175354003906,"z":17.262248992919923},"rotation":{"x":0.38503333926200869,"y":-0.02785680443048477,"z":0.012132677249610424,"w":0.9225232601165772},"size":56.720611572265628,"orthographic":false}