{"cameraMode":{"drawMode":0,"name":"Shaded","section":"Shading Mode"},"sceneLighting":true,"audioPlay":false,"sceneViewState":{"showFog":true,"showMaterialUpdate":true,"showSkybox":true,"showFlares":true,"showImageEffects":true,"showParticleSystems":true},"in2DMode":false,"pivot":{"x":1.7832698822021485,"y":34.53969955444336,"z":30.124540328979493},"rotation":{"x":0.00561142060905695,"y":0.16602268815040589,"z":0.0009459131397306919,"w":-0.9861099123954773},"size":29.66805648803711,"orthographic":false}