{"cameraMode":{"drawMode":0,"name":"Shaded","section":"Shading Mode"},"sceneLighting":true,"audioPlay":false,"sceneViewState":{"m_AlwaysRefresh":true,"showFog":true,"showSkybox":true,"showFlares":true,"showImageEffects":true,"showParticleSystems":true,"showVisualEffectGraphs":true,"m_FxEnabled":true},"in2DMode":false,"pivot":{"x":15.674564361572266,"y":4.1315412521362309,"z":-2.1749463081359865},"rotation":{"x":0.1353379338979721,"y":-0.5945834517478943,"z":0.10416468232870102,"w":0.7857704162597656},"size":5.474235534667969,"orthographic":false}