{"cameraMode":{"drawMode":0,"name":"Shaded","section":"Shading Mode"},"sceneLighting":false,"audioPlay":false,"sceneViewState":{"m_AlwaysRefresh":true,"showFog":true,"showSkybox":false,"showFlares":true,"showImageEffects":true,"showParticleSystems":true,"showVisualEffectGraphs":true,"m_FxEnabled":true},"in2DMode":false,"pivot":{"x":18.745763778686525,"y":-18.055049896240236,"z":-2.38948917388916},"rotation":{"x":0.3659254014492035,"y":0.08473754674196243,"z":-0.033246539533138278,"w":0.9262996912002564},"size":43.242488861083987,"orthographic":false}