{"cameraMode":{"drawMode":0,"name":"Shaded","section":"Shading Mode"},"sceneLighting":false,"audioPlay":false,"sceneViewState":{"m_AlwaysRefresh":true,"showFog":true,"showSkybox":false,"showFlares":true,"showImageEffects":true,"showParticleSystems":true,"showVisualEffectGraphs":true,"m_FxEnabled":true},"in2DMode":false,"pivot":{"x":6.750001430511475,"y":3.1599998474121095,"z":2.384185791015625e-7},"rotation":{"x":0.2800343632698059,"y":-0.041955966502428058,"z":0.012842579744756222,"w":0.9591049551963806},"size":8.90575885772705,"orthographic":false}