{"cameraMode":{"drawMode":0,"name":"Shaded","section":"Shading Mode"},"sceneLighting":false,"audioPlay":false,"sceneViewState":{"m_AlwaysRefresh":true,"showFog":true,"showSkybox":false,"showFlares":true,"showImageEffects":true,"showParticleSystems":true,"showVisualEffectGraphs":true,"m_FxEnabled":true},"in2DMode":false,"pivot":{"x":-4.2700042724609379,"y":3.429999828338623,"z":-3.3500003814697267},"rotation":{"x":0.3737921416759491,"y":-0.014454253017902375,"z":0.006038833409547806,"w":0.9274907112121582},"size":4.4763712882995609,"orthographic":false}