{"cameraMode":{"drawMode":0,"name":"Shaded","section":"Shading Mode"},"sceneLighting":false,"audioPlay":false,"sceneViewState":{"m_AlwaysRefresh":true,"showFog":true,"showSkybox":false,"showFlares":true,"showImageEffects":true,"showParticleSystems":true,"showVisualEffectGraphs":true,"m_FxEnabled":true},"in2DMode":false,"pivot":{"x":14.54433822631836,"y":6.598111152648926,"z":15.488561630249024},"rotation":{"x":-0.20832233130931855,"y":-0.06362505257129669,"z":0.013587107881903649,"w":-0.9759079813957214},"size":40.57341384887695,"orthographic":false}